<?xml version="1.0" encoding="UTF-8"?>
<!DOCTYPE mapper PUBLIC "-//mybatis.org//DTD Mapper 3.0//EN"
		"http://mybatis.org/dtd/mybatis-3-mapper.dtd">
<mapper namespace="com.easychat.mappers.ChatSessionUserMapper">
	<!--实体映射-->
	<resultMap id="base_result_map" type="com.easychat.entity.po.ChatSessionUser">
		<!--用户ID-->
		<result column="user_id" property="userId"  />

		<!--联系人ID-->
		<result column="contact_id" property="contactId"  />

		<!--会话ID-->
		<result column="session_id" property="sessionId"  />

		<!--联系人名称-->
		<result column="contact_name" property="contactName"  />

	</resultMap>

	<!--通用查询列-->
	<sql id="base_column_list">
		user_id,contact_id,session_id,contact_name
	</sql>

	<!--基础查询条件-->
	<sql id="base_query_condition">
		<if test="query.userId != null and query.userId != ''">
			and user_id= #{query.userId}
		</if>
		<if test="query.contactId != null and query.contactId != ''">
			and contact_id= #{query.contactId}
		</if>
		<if test="query.sessionId != null and query.sessionId != ''">
			and session_id= #{query.sessionId}
		</if>
		<if test="query.contactName != null and query.contactName != ''">
			and contact_name= #{query.contactName}
		</if>
	</sql>

	<!--扩展字段查询条件-->
	<sql id="base_query_condition_extend">
		<if test="query.userIdFuzzy != null and query.userIdFuzzy != ''">
			and user_id like concat('%', #{query.userIdFuzzy}, '%')
		</if>
		<if test="query.contactIdFuzzy != null and query.contactIdFuzzy != ''">
			and contact_id like concat('%', #{query.contactIdFuzzy}, '%')
		</if>
		<if test="query.sessionIdFuzzy != null and query.sessionIdFuzzy != ''">
			and session_id like concat('%', #{query.sessionIdFuzzy}, '%')
		</if>
		<if test="query.contactNameFuzzy != null and query.contactNameFuzzy != ''">
			and contact_name like concat('%', #{query.contactNameFuzzy}, '%')
		</if>
	</sql>

	<!--通用查询条件 普通列+扩展字段-->
	<sql id="query_condition">
		<where>
			<include refid="base_query_condition"/>
			<include refid="base_query_condition_extend"/>
		</where>
	</sql>

	<!--查询列表-->
	<select id="selectList" resultMap="base_result_map">
		select
		u.*,
		c.last_message lastMessage,
		c.last_receive_time lastReceiveTime,
		case when substring(u.contact_id, 1,1)='G'
		then (select count(1) from user_contact uc where uc.contact_id = u.contact_id)
		else 0
		end memberCount
		from chat_session_user u
		inner join chat_session c on c.session_id = u.session_id
		<include refid="query_condition"/>
		<if test="query.orderBy != null ">order by ${query.orderBy}</if>
		<if test="query.simplePage != null ">limit #{query.simplePage.start}, #{query.simplePage.end}</if>
	</select>

	<!--查询数量-->
	<select id="selectCount" resultType="java.lang.Integer">
		select count(1) from chat_session_user <include refid="query_condition"/>
	</select>

	<!--插入 （匹配有值的字段）-->
	<insert id="insert" parameterType="com.easychat.entity.po.ChatSessionUser">
		insert into chat_session_user
		<trim prefix="(" suffix=")" suffixOverrides=",">
			<if test="bean.userId != null" >
				user_id,
			</if>
			<if test="bean.contactId != null" >
				contact_id,
			</if>
			<if test="bean.sessionId != null" >
				session_id,
			</if>
			<if test="bean.contactName != null" >
				contact_name,
			</if>
		</trim>

		<trim prefix="values (" suffix=")" suffixOverrides=",">
			<if test="bean.userId != null">
				#{bean.userId},
			</if>
			<if test="bean.contactId != null">
				#{bean.contactId},
			</if>
			<if test="bean.sessionId != null">
				#{bean.sessionId},
			</if>
			<if test="bean.contactName != null">
				#{bean.contactName},
			</if>
		</trim>

	</insert>
	<!--插入或更新 （匹配有值的字段）-->
	<insert id="insertOrUpdate" parameterType="com.easychat.entity.po.ChatSessionUser">
		insert into chat_session_user
		<trim prefix="(" suffix=")" suffixOverrides=",">
			<if test="bean.userId != null" >
				user_id,
			</if>
			<if test="bean.contactId != null" >
				contact_id,
			</if>
			<if test="bean.sessionId != null" >
				session_id,
			</if>
			<if test="bean.contactName != null" >
				contact_name,
			</if>
		</trim>

		<trim prefix="values (" suffix=")" suffixOverrides=",">
			<if test="bean.userId != null">
				#{bean.userId},
			</if>
			<if test="bean.contactId != null">
				#{bean.contactId},
			</if>
			<if test="bean.sessionId != null">
				#{bean.sessionId},
			</if>
			<if test="bean.contactName != null">
				#{bean.contactName},
			</if>
		</trim>
		on duplicate key update
		<trim prefix="" suffix="" suffixOverrides=",">
			<if test="bean.sessionId != null">
				session_id = values(session_id),
			</if>
			<if test="bean.contactName != null">
				contact_name = values(contact_name),
			</if>
		</trim>
	</insert>

	<!--添加 （批量插入）-->
	<insert id="insertBatch" parameterType="com.easychat.entity.po.ChatSessionUser">
		insert into chat_session_user(user_id,contact_id,session_id,contact_name)  values
		<foreach collection="list" item="item" separator=",">
			(#{item.userId},#{item.contactId},#{item.sessionId},#{item.contactName}) 
		</foreach>
	</insert>

	<!--添加 （批量插入或更新）-->
	<insert id="insertOrUpdateBatch" parameterType="com.easychat.entity.po.ChatSessionUser">
		insert into chat_session_user(user_id,contact_id,session_id,contact_name) values 
		<foreach collection="list" item="item" separator=",">
			(#{item.userId},#{item.contactId},#{item.sessionId},#{item.contactName})
		</foreach>
		on duplicate key update
		user_id = values(user_id),
		contact_id = values(contact_id),
		session_id = values(session_id),
		contact_name = values(contact_name)
	</insert>


	<!--根据 UserIdAndContactId 查询-->
	<select id="selectByUserIdAndContactId" resultMap="base_result_map">
		select <include refid="base_column_list"/> from chat_session_user where user_id=#{userId} and contact_id=#{contactId} 
	</select>

	<!--根据 UserIdAndContactId 更新-->
	<update id="updateByUserIdAndContactId" parameterType="com.easychat.entity.po.ChatSessionUser">
		update chat_session_user
		<set>
			<if test="bean.userId != null">
				user_id = #{bean.userId},
			</if>
			<if test="bean.contactId != null">
				contact_id = #{bean.contactId},
			</if>
			<if test="bean.sessionId != null">
				session_id = #{bean.sessionId},
			</if>
			<if test="bean.contactName != null">
				contact_name = #{bean.contactName},
			</if>
		</set>
		where user_id=#{userId} and contact_id=#{contactId} 
	</update>

	<!--根据 UserIdAndContactId 删除-->
	<delete id="deleteByUserIdAndContactId">
		delete from chat_session_user where user_id=#{userId} and contact_id=#{contactId} 
	</delete>

	<!--更具查询体更新	 -->
	<update id="updateByParam"  parameterType="com.easychat.entity.po.ChatSessionUser">
		update chat_session_user
		<set>
			<if test="bean.userId != null">
				user_id = #{bean.userId},
			</if>
			<if test="bean.contactId != null">
				contact_id = #{bean.contactId},
			</if>
			<if test="bean.sessionId != null">
				session_id = #{bean.sessionId},
			</if>
			<if test="bean.contactName != null and bean.contactName != ''">
				contact_name = #{bean.contactName},
			</if>
		</set>
		<include refid="query_condition"/>
	</update>
</mapper>
