<?xml version="1.0" encoding="UTF-8"?>
<!DOCTYPE mapper PUBLIC "-//mybatis.org//DTD Mapper 3.0//EN"
		"http://mybatis.org/dtd/mybatis-3-mapper.dtd">
<mapper namespace="com.easychat.mappers.GroupInfoMapper">
	<!--实体映射-->
	<resultMap id="base_result_map" type="com.easychat.entity.po.GroupInfo">
		<!--群ID-->
		<id column="group_id" property="groupId"  />

		<!--群组名-->
		<result column="group_name" property="groupName"  />

		<!--创建时间-->
		<result column="create_time" property="createTime"  />

		<!--群公告-->
		<result column="group_notice" property="groupNotice"  />

		<!--0：直接加入1：管理员同意后加入-->
		<result column="join_type" property="joinType"  />

		<!--状态1:正常 0:解散-->
		<result column="status" property="status"  />

		<!--群组id-->
		<result column="group_owner_id" property="groupOwnerId"  />
		<!--群主昵称-->
		<result column="groupOwnerNickName" property="groupOwnerNickName"  />
	</resultMap>

	<!--通用查询列-->
	<sql id="base_column_list">
		group_id,group_name,create_time,group_notice,join_type,status,group_owner_id
	</sql>

	<!--基础查询条件-->
	<sql id="base_query_condition">
		<if test="query.groupId != null and query.groupId != ''">
			and group_id= #{query.groupId}
		</if>
		<if test="query.groupName != null and query.groupName != ''">
			and group_name= #{query.groupName}
		</if>
		<if test="query.createTime != null">
			and create_time= #{query.createTime}
		</if>
		<if test="query.groupNotice != null and query.groupNotice != ''">
			and group_notice= #{query.groupNotice}
		</if>
		<if test="query.joinType != null">
			and join_type= #{query.joinType}
		</if>
		<if test="query.status != null">
			and status= #{query.status}
		</if>
		<if test="query.groupOwnerId != null and query.groupOwnerId != ''">
			and group_owner_id= #{query.groupOwnerId}
		</if>
	</sql>

	<!--扩展字段查询条件-->
	<sql id="base_query_condition_extend">
		<if test="query.groupIdFuzzy != null and query.groupIdFuzzy != ''">
			and group_id like concat('%', #{query.groupIdFuzzy}, '%')
		</if>
		<if test="query.groupNameFuzzy != null and query.groupNameFuzzy != ''">
			and group_name like concat('%', #{query.groupNameFuzzy}, '%')
		</if>
		<if test="query.createTimeStart != null and query.createTimeStart != ''">
			<![CDATA[ and create_time >= str_to_date(#{query.createTimeStart}, '%Y-%m-%d') ]]>
		</if>
		<if test="query.createTimeEnd != null and query.createTimeEnd != ''">
			<![CDATA[ and create_time < date_sub(str_to_date(#{query.createTimeEnd}, '%Y-%m-%d'), interval -1 day) ]]>
		</if>
		<if test="query.groupNoticeFuzzy != null and query.groupNoticeFuzzy != ''">
			and group_notice like concat('%', #{query.groupNoticeFuzzy}, '%')
		</if>
		<if test="query.groupOwnerIdFuzzy != null and query.groupOwnerIdFuzzy != ''">
			and group_owner_id like concat('%', #{query.groupOwnerIdFuzzy}, '%')
		</if>
	</sql>

	<!--通用查询条件 普通列+扩展字段-->
	<sql id="query_condition">
		<where>
			<include refid="base_query_condition"/>
			<include refid="base_query_condition_extend"/>
		</where>
	</sql>

	<!--查询列表-->
	<select id="selectList" resultMap="base_result_map">
		select <include refid="base_column_list"/>
		<if test="query.showGroupOwnerNickName">
			,( SELECT u.nick_name FROM user_info u where u.user_id = g.group_owner_id ) AS groupOwnerNickName
		</if>
		<if test="query.showMemberCount">
			,( SELECT count( 1 ) FROM user_contact c WHERE c.contact_id = g.group_id ) AS memberCount
		</if>
		from group_info  g <include refid="query_condition"/>
		<if test="query.orderBy != null ">order by ${query.orderBy}</if>
		<if test="query.simplePage != null ">limit #{query.simplePage.start}, #{query.simplePage.end}</if>
	</select>

	<!--查询数量-->
	<select id="selectCount" resultType="java.lang.Integer">
		select count(1) from group_info <include refid="query_condition"/>
	</select>

	<!--插入 （匹配有值的字段）-->
	<insert id="insert" parameterType="com.easychat.entity.po.GroupInfo">
		insert into group_info
		<trim prefix="(" suffix=")" suffixOverrides=",">
			<if test="bean.groupId != null" >
				group_id,
			</if>
			<if test="bean.groupName != null" >
				group_name,
			</if>
			<if test="bean.createTime != null" >
				create_time,
			</if>
			<if test="bean.groupNotice != null" >
				group_notice,
			</if>
			<if test="bean.joinType != null" >
				join_type,
			</if>
			<if test="bean.status != null" >
				status,
			</if>
			<if test="bean.groupOwnerId != null" >
				group_owner_id,
			</if>
		</trim>

		<trim prefix="values (" suffix=")" suffixOverrides=",">
			<if test="bean.groupId != null">
				#{bean.groupId},
			</if>
			<if test="bean.groupName != null">
				#{bean.groupName},
			</if>
			<if test="bean.createTime != null">
				#{bean.createTime},
			</if>
			<if test="bean.groupNotice != null">
				#{bean.groupNotice},
			</if>
			<if test="bean.joinType != null">
				#{bean.joinType},
			</if>
			<if test="bean.status != null">
				#{bean.status},
			</if>
			<if test="bean.groupOwnerId != null">
				#{bean.groupOwnerId},
			</if>
		</trim>

	</insert>
	<!--插入或更新 （匹配有值的字段）-->
	<insert id="insertOrUpdate" parameterType="com.easychat.entity.po.GroupInfo">
		insert into group_info
		<trim prefix="(" suffix=")" suffixOverrides=",">
			<if test="bean.groupId != null" >
				group_id,
			</if>
			<if test="bean.groupName != null" >
				group_name,
			</if>
			<if test="bean.createTime != null" >
				create_time,
			</if>
			<if test="bean.groupNotice != null" >
				group_notice,
			</if>
			<if test="bean.joinType != null" >
				join_type,
			</if>
			<if test="bean.status != null" >
				status,
			</if>
			<if test="bean.groupOwnerId != null" >
				group_owner_id,
			</if>
		</trim>

		<trim prefix="values (" suffix=")" suffixOverrides=",">
			<if test="bean.groupId != null">
				#{bean.groupId},
			</if>
			<if test="bean.groupName != null">
				#{bean.groupName},
			</if>
			<if test="bean.createTime != null">
				#{bean.createTime},
			</if>
			<if test="bean.groupNotice != null">
				#{bean.groupNotice},
			</if>
			<if test="bean.joinType != null">
				#{bean.joinType},
			</if>
			<if test="bean.status != null">
				#{bean.status},
			</if>
			<if test="bean.groupOwnerId != null">
				#{bean.groupOwnerId},
			</if>
		</trim>
		on duplicate key update
		<trim prefix="" suffix="" suffixOverrides=",">
			<if test="bean.groupName != null">
				group_name = values(group_name),
			</if>
			<if test="bean.createTime != null">
				create_time = values(create_time),
			</if>
			<if test="bean.groupNotice != null">
				group_notice = values(group_notice),
			</if>
			<if test="bean.joinType != null">
				join_type = values(join_type),
			</if>
			<if test="bean.status != null">
				status = values(status),
			</if>
			<if test="bean.groupOwnerId != null">
				group_owner_id = values(group_owner_id),
			</if>
		</trim>
	</insert>

	<!--添加 （批量插入）-->
	<insert id="insertBatch" parameterType="com.easychat.entity.po.GroupInfo">
		insert into group_info(group_id,group_name,create_time,group_notice,join_type,status,group_owner_id)  values
		<foreach collection="list" item="item" separator=",">
			(#{item.groupId},#{item.groupName},#{item.createTime},#{item.groupNotice},#{item.joinType},#{item.status},#{item.groupOwnerId}) 
		</foreach>
	</insert>

	<!--添加 （批量插入或更新）-->
	<insert id="insertOrUpdateBatch" parameterType="com.easychat.entity.po.GroupInfo">
		insert into group_info(group_id,group_name,create_time,group_notice,join_type,status,group_owner_id) values 
		<foreach collection="list" item="item" separator=",">
			(#{item.groupId},#{item.groupName},#{item.createTime},#{item.groupNotice},#{item.joinType},#{item.status},#{item.groupOwnerId})
		</foreach>
		on duplicate key update
		group_id = values(group_id),
		group_name = values(group_name),
		create_time = values(create_time),
		group_notice = values(group_notice),
		join_type = values(join_type),
		status = values(status),
		group_owner_id = values(group_owner_id)
	</insert>


	<!--根据 GroupId 查询-->
	<select id="selectByGroupId" resultMap="base_result_map">
		select <include refid="base_column_list"/> from group_info where group_id=#{groupId} 
	</select>

	<!--根据 GroupId 更新-->
	<update id="updateByGroupId" parameterType="com.easychat.entity.po.GroupInfo">
		update group_info
		<set>
			<if test="bean.groupId != null">
				group_id = #{bean.groupId},
			</if>
			<if test="bean.groupName != null">
				group_name = #{bean.groupName},
			</if>
			<if test="bean.createTime != null">
				create_time = #{bean.createTime},
			</if>
			<if test="bean.groupNotice != null">
				group_notice = #{bean.groupNotice},
			</if>
			<if test="bean.joinType != null">
				join_type = #{bean.joinType},
			</if>
			<if test="bean.status != null">
				status = #{bean.status},
			</if>
			<if test="bean.groupOwnerId != null">
				group_owner_id = #{bean.groupOwnerId},
			</if>
		</set>
		where group_id=#{groupId} 
	</update>

	<!--根据 GroupId 删除-->
	<delete id="deleteByGroupId">
		delete from group_info where group_id=#{groupId} 
	</delete>

</mapper>
