<?xml version="1.0" encoding="UTF-8"?>
<!DOCTYPE mapper PUBLIC "-//mybatis.org//DTD Mapper 3.0//EN"
		"http://mybatis.org/dtd/mybatis-3-mapper.dtd">
<mapper namespace="com.easychat.mappers.UserInfoMapper">
	<!--实体映射-->
	<resultMap id="base_result_map" type="com.easychat.entity.po.UserInfo">
		<!--用户id-->
		<id column="user_id" property="userId"  />

		<!--邮箱-->
		<result column="email" property="email"  />

		<!--昵称-->
		<result column="nick_name" property="nickName"  />

		<!--加入类型（0：直接加入 1：同意后加好友）-->
		<result column="join_type" property="joinType"  />

		<!--性别（0：女，1：男）-->
		<result column="sex" property="sex"  />

		<!--密码-->
		<result column="password" property="password"  />

		<!--个性签名-->
		<result column="personal_signature" property="personalSignature"  />

		<!--状态-->
		<result column="status" property="status"  />

		<!--创建时间-->
		<result column="create_time" property="createTime"  />

		<!--最后登录时间-->
		<result column="last_login_time" property="lastLoginTime"  />

		<!--地区-->
		<result column="area_name" property="areaName"  />

		<!--地区编号-->
		<result column="area_code" property="areaCode"  />

		<!--最后离开时间-->
		<result column="last_off_time" property="lastOffTime"  />

	</resultMap>

	<!--通用查询列-->
	<sql id="base_column_list">
		user_id,email,nick_name,join_type,sex,password,personal_signature,status,create_time,last_login_time,area_name,area_code,last_off_time
	</sql>

	<!--基础查询条件-->
	<sql id="base_query_condition">
		<if test="query.userId != null and query.userId != ''">
			and user_id= #{query.userId}
		</if>
		<if test="query.email != null and query.email != ''">
			and email= #{query.email}
		</if>
		<if test="query.nickName != null and query.nickName != ''">
			and nick_name= #{query.nickName}
		</if>
		<if test="query.joinType != null">
			and join_type= #{query.joinType}
		</if>
		<if test="query.sex != null">
			and sex= #{query.sex}
		</if>
		<if test="query.password != null and query.password != ''">
			and password= #{query.password}
		</if>
		<if test="query.personalSignature != null and query.personalSignature != ''">
			and personal_signature= #{query.personalSignature}
		</if>
		<if test="query.status != null">
			and status= #{query.status}
		</if>
		<if test="query.createTime != null">
			and create_time= #{query.createTime}
		</if>
		<if test="query.lastLoginTime != null">
			and last_login_time= #{query.lastLoginTime}
		</if>
		<if test="query.areaName != null and query.areaName != ''">
			and area_name= #{query.areaName}
		</if>
		<if test="query.areaCode != null and query.areaCode != ''">
			and area_code= #{query.areaCode}
		</if>
		<if test="query.lastOffTime != null">
			and last_off_time= #{query.lastOffTime}
		</if>
	</sql>

	<!--扩展字段查询条件-->
	<sql id="base_query_condition_extend">
		<if test="query.userIdFuzzy != null and query.userIdFuzzy != ''">
			and user_id like concat('%', #{query.userIdFuzzy}, '%')
		</if>
		<if test="query.emailFuzzy != null and query.emailFuzzy != ''">
			and email like concat('%', #{query.emailFuzzy}, '%')
		</if>
		<if test="query.nickNameFuzzy != null and query.nickNameFuzzy != ''">
			and nick_name like concat('%', #{query.nickNameFuzzy}, '%')
		</if>
		<if test="query.passwordFuzzy != null and query.passwordFuzzy != ''">
			and password like concat('%', #{query.passwordFuzzy}, '%')
		</if>
		<if test="query.personalSignatureFuzzy != null and query.personalSignatureFuzzy != ''">
			and personal_signature like concat('%', #{query.personalSignatureFuzzy}, '%')
		</if>
		<if test="query.createTimeStart != null and query.createTimeStart != ''">
			<![CDATA[ and create_time >= str_to_date(#{query.createTimeStart}, '%Y-%m-%d') ]]>
		</if>
		<if test="query.createTimeEnd != null and query.createTimeEnd != ''">
			<![CDATA[ and create_time < date_sub(str_to_date(#{query.createTimeEnd}, '%Y-%m-%d'), interval -1 day) ]]>
		</if>
		<if test="query.lastLoginTimeStart != null and query.lastLoginTimeStart != ''">
			<![CDATA[ and last_login_time >= str_to_date(#{query.lastLoginTimeStart}, '%Y-%m-%d') ]]>
		</if>
		<if test="query.lastLoginTimeEnd != null and query.lastLoginTimeEnd != ''">
			<![CDATA[ and last_login_time < date_sub(str_to_date(#{query.lastLoginTimeEnd}, '%Y-%m-%d'), interval -1 day) ]]>
		</if>
		<if test="query.areaNameFuzzy != null and query.areaNameFuzzy != ''">
			and area_name like concat('%', #{query.areaNameFuzzy}, '%')
		</if>
		<if test="query.areaCodeFuzzy != null and query.areaCodeFuzzy != ''">
			and area_code like concat('%', #{query.areaCodeFuzzy}, '%')
		</if>
	</sql>

	<!--通用查询条件 普通列+扩展字段-->
	<sql id="query_condition">
		<where>
			<include refid="base_query_condition"/>
			<include refid="base_query_condition_extend"/>
		</where>
	</sql>

	<!--查询列表-->
	<select id="selectList" resultMap="base_result_map">
		select <include refid="base_column_list"/> from user_info <include refid="query_condition"/>
		<if test="query.orderBy != null ">order by ${query.orderBy}</if>
		<if test="query.simplePage != null ">limit #{query.simplePage.start}, #{query.simplePage.end}</if>
	</select>

	<!--查询数量-->
	<select id="selectCount" resultType="java.lang.Integer">
		select count(1) from user_info <include refid="query_condition"/>
	</select>

	<!--插入 （匹配有值的字段）-->
	<insert id="insert" parameterType="com.easychat.entity.po.UserInfo">
		insert into user_info
		<trim prefix="(" suffix=")" suffixOverrides=",">
			<if test="bean.userId != null" >
				user_id,
			</if>
			<if test="bean.email != null" >
				email,
			</if>
			<if test="bean.nickName != null" >
				nick_name,
			</if>
			<if test="bean.joinType != null" >
				join_type,
			</if>
			<if test="bean.sex != null" >
				sex,
			</if>
			<if test="bean.password != null" >
				password,
			</if>
			<if test="bean.personalSignature != null" >
				personal_signature,
			</if>
			<if test="bean.status != null" >
				status,
			</if>
			<if test="bean.createTime != null" >
				create_time,
			</if>
			<if test="bean.lastLoginTime != null" >
				last_login_time,
			</if>
			<if test="bean.areaName != null" >
				area_name,
			</if>
			<if test="bean.areaCode != null" >
				area_code,
			</if>
			<if test="bean.lastOffTime != null" >
				last_off_time,
			</if>
		</trim>

		<trim prefix="values (" suffix=")" suffixOverrides=",">
			<if test="bean.userId != null">
				#{bean.userId},
			</if>
			<if test="bean.email != null">
				#{bean.email},
			</if>
			<if test="bean.nickName != null">
				#{bean.nickName},
			</if>
			<if test="bean.joinType != null">
				#{bean.joinType},
			</if>
			<if test="bean.sex != null">
				#{bean.sex},
			</if>
			<if test="bean.password != null">
				#{bean.password},
			</if>
			<if test="bean.personalSignature != null">
				#{bean.personalSignature},
			</if>
			<if test="bean.status != null">
				#{bean.status},
			</if>
			<if test="bean.createTime != null">
				#{bean.createTime},
			</if>
			<if test="bean.lastLoginTime != null">
				#{bean.lastLoginTime},
			</if>
			<if test="bean.areaName != null">
				#{bean.areaName},
			</if>
			<if test="bean.areaCode != null">
				#{bean.areaCode},
			</if>
			<if test="bean.lastOffTime != null">
				#{bean.lastOffTime},
			</if>
		</trim>

	</insert>
	<!--插入或更新 （匹配有值的字段）-->
	<insert id="insertOrUpdate" parameterType="com.easychat.entity.po.UserInfo">
		insert into user_info
		<trim prefix="(" suffix=")" suffixOverrides=",">
			<if test="bean.userId != null" >
				user_id,
			</if>
			<if test="bean.email != null" >
				email,
			</if>
			<if test="bean.nickName != null" >
				nick_name,
			</if>
			<if test="bean.joinType != null" >
				join_type,
			</if>
			<if test="bean.sex != null" >
				sex,
			</if>
			<if test="bean.password != null" >
				password,
			</if>
			<if test="bean.personalSignature != null" >
				personal_signature,
			</if>
			<if test="bean.status != null" >
				status,
			</if>
			<if test="bean.createTime != null" >
				create_time,
			</if>
			<if test="bean.lastLoginTime != null" >
				last_login_time,
			</if>
			<if test="bean.areaName != null" >
				area_name,
			</if>
			<if test="bean.areaCode != null" >
				area_code,
			</if>
			<if test="bean.lastOffTime != null" >
				last_off_time,
			</if>
		</trim>

		<trim prefix="values (" suffix=")" suffixOverrides=",">
			<if test="bean.userId != null">
				#{bean.userId},
			</if>
			<if test="bean.email != null">
				#{bean.email},
			</if>
			<if test="bean.nickName != null">
				#{bean.nickName},
			</if>
			<if test="bean.joinType != null">
				#{bean.joinType},
			</if>
			<if test="bean.sex != null">
				#{bean.sex},
			</if>
			<if test="bean.password != null">
				#{bean.password},
			</if>
			<if test="bean.personalSignature != null">
				#{bean.personalSignature},
			</if>
			<if test="bean.status != null">
				#{bean.status},
			</if>
			<if test="bean.createTime != null">
				#{bean.createTime},
			</if>
			<if test="bean.lastLoginTime != null">
				#{bean.lastLoginTime},
			</if>
			<if test="bean.areaName != null">
				#{bean.areaName},
			</if>
			<if test="bean.areaCode != null">
				#{bean.areaCode},
			</if>
			<if test="bean.lastOffTime != null">
				#{bean.lastOffTime},
			</if>
		</trim>
		on duplicate key update
		<trim prefix="" suffix="" suffixOverrides=",">
			<if test="bean.nickName != null">
				nick_name = values(nick_name),
			</if>
			<if test="bean.joinType != null">
				join_type = values(join_type),
			</if>
			<if test="bean.sex != null">
				sex = values(sex),
			</if>
			<if test="bean.password != null">
				password = values(password),
			</if>
			<if test="bean.personalSignature != null">
				personal_signature = values(personal_signature),
			</if>
			<if test="bean.status != null">
				status = values(status),
			</if>
			<if test="bean.createTime != null">
				create_time = values(create_time),
			</if>
			<if test="bean.lastLoginTime != null">
				last_login_time = values(last_login_time),
			</if>
			<if test="bean.areaName != null">
				area_name = values(area_name),
			</if>
			<if test="bean.areaCode != null">
				area_code = values(area_code),
			</if>
			<if test="bean.lastOffTime != null">
				last_off_time = values(last_off_time),
			</if>
		</trim>
	</insert>

	<!--添加 （批量插入）-->
	<insert id="insertBatch" parameterType="com.easychat.entity.po.UserInfo">
		insert into user_info(user_id,email,nick_name,join_type,sex,password,personal_signature,status,create_time,last_login_time,area_name,area_code,last_off_time)  values
		<foreach collection="list" item="item" separator=",">
			(#{item.userId},#{item.email},#{item.nickName},#{item.joinType},#{item.sex},#{item.password},#{item.personalSignature},#{item.status},#{item.createTime},#{item.lastLoginTime},#{item.areaName},#{item.areaCode},#{item.lastOffTime}) 
		</foreach>
	</insert>

	<!--添加 （批量插入或更新）-->
	<insert id="insertOrUpdateBatch" parameterType="com.easychat.entity.po.UserInfo">
		insert into user_info(user_id,email,nick_name,join_type,sex,password,personal_signature,status,create_time,last_login_time,area_name,area_code,last_off_time) values 
		<foreach collection="list" item="item" separator=",">
			(#{item.userId},#{item.email},#{item.nickName},#{item.joinType},#{item.sex},#{item.password},#{item.personalSignature},#{item.status},#{item.createTime},#{item.lastLoginTime},#{item.areaName},#{item.areaCode},#{item.lastOffTime})
		</foreach>
		on duplicate key update
		user_id = values(user_id),
		email = values(email),
		nick_name = values(nick_name),
		join_type = values(join_type),
		sex = values(sex),
		password = values(password),
		personal_signature = values(personal_signature),
		status = values(status),
		create_time = values(create_time),
		last_login_time = values(last_login_time),
		area_name = values(area_name),
		area_code = values(area_code),
		last_off_time = values(last_off_time)
	</insert>


	<!--根据 UserId 查询-->
	<select id="selectByUserId" resultMap="base_result_map">
		select <include refid="base_column_list"/> from user_info where user_id=#{userId} 
	</select>

	<!--根据 UserId 更新-->
	<update id="updateByUserId" parameterType="com.easychat.entity.po.UserInfo">
		update user_info
		<set>
			<if test="bean.userId != null">
				user_id = #{bean.userId},
			</if>
			<if test="bean.email != null">
				email = #{bean.email},
			</if>
			<if test="bean.nickName != null">
				nick_name = #{bean.nickName},
			</if>
			<if test="bean.joinType != null">
				join_type = #{bean.joinType},
			</if>
			<if test="bean.sex != null">
				sex = #{bean.sex},
			</if>
			<if test="bean.password != null">
				password = #{bean.password},
			</if>
			<if test="bean.personalSignature != null">
				personal_signature = #{bean.personalSignature},
			</if>
			<if test="bean.status != null">
				status = #{bean.status},
			</if>
			<if test="bean.createTime != null">
				create_time = #{bean.createTime},
			</if>
			<if test="bean.lastLoginTime != null">
				last_login_time = #{bean.lastLoginTime},
			</if>
			<if test="bean.areaName != null">
				area_name = #{bean.areaName},
			</if>
			<if test="bean.areaCode != null">
				area_code = #{bean.areaCode},
			</if>
			<if test="bean.lastOffTime != null">
				last_off_time = #{bean.lastOffTime},
			</if>
		</set>
		where user_id=#{userId} 
	</update>

	<!--根据 UserId 删除-->
	<delete id="deleteByUserId">
		delete from user_info where user_id=#{userId} 
	</delete>


	<!--根据 Email 查询-->
	<select id="selectByEmail" resultMap="base_result_map">
		select <include refid="base_column_list"/> from user_info where email=#{email} 
	</select>

	<!--根据 Email 更新-->
	<update id="updateByEmail" parameterType="com.easychat.entity.po.UserInfo">
		update user_info
		<set>
			<if test="bean.userId != null">
				user_id = #{bean.userId},
			</if>
			<if test="bean.email != null">
				email = #{bean.email},
			</if>
			<if test="bean.nickName != null">
				nick_name = #{bean.nickName},
			</if>
			<if test="bean.joinType != null">
				join_type = #{bean.joinType},
			</if>
			<if test="bean.sex != null">
				sex = #{bean.sex},
			</if>
			<if test="bean.password != null">
				password = #{bean.password},
			</if>
			<if test="bean.personalSignature != null">
				personal_signature = #{bean.personalSignature},
			</if>
			<if test="bean.status != null">
				status = #{bean.status},
			</if>
			<if test="bean.createTime != null">
				create_time = #{bean.createTime},
			</if>
			<if test="bean.lastLoginTime != null">
				last_login_time = #{bean.lastLoginTime},
			</if>
			<if test="bean.areaName != null">
				area_name = #{bean.areaName},
			</if>
			<if test="bean.areaCode != null">
				area_code = #{bean.areaCode},
			</if>
			<if test="bean.lastOffTime != null">
				last_off_time = #{bean.lastOffTime},
			</if>
		</set>
		where email=#{email} 
	</update>

	<!--根据 Email 删除-->
	<delete id="deleteByEmail">
		delete from user_info where email=#{email} 
	</delete>

</mapper>
